{
  "$schema": "../../umbraco-package-schema.json",
  "name": "Menu Control",
  "version": "0.1.0",
  "extensions": [
    {
      "type": "propertyEditorSchema",
      "alias": "MenuControl.Schema",
      "name": "Menu Control Schema",
      "meta": {
        "defaultPropertyEditorUiAlias": "MenuControl"
      }
    },
    {
      "type": "propertyEditorUi",
      "alias": "MenuControl",
      "name": "Menu Control",
      "element": "/App_Plugins/MenuControl/menu-control.element.js",
      "elementName": "menu-control-element",
      "meta": {
        "label": "Menu Control",
        "icon": "icon-branch",
        "group": "Common",
        "propertyEditorSchemaAlias": "MenuControl.Schema"
      }
    }
  ]
}

